-- Clear out tables
TRUNCATE users,terms,sets,students,courses,sections,lab_assignments,lab_events,progress,progress_change_log;
-- users
INSERT INTO users (user_id, display_name, role, email) VALUES ('u_instructor', 'Maryam Khezrzadeh', 'instructor', 'mkhezrzadeh@bcit.ca');
INSERT INTO users (user_id, display_name, role, email) VALUES ('u_ta1', 'Daniel Saavedra', 'ta', 'dsaavedra@bcit.ca');
INSERT INTO users (user_id, display_name, role, email) VALUES ('u_system', 'Lab Tracker System', 'system', 'noreply@labtracker.local');

-- terms
INSERT INTO terms (term_code, name, start_date, end_date) VALUES ('202510', 'Winter 2025', '2025-01-06', '2025-04-11');
INSERT INTO terms (term_code, name, start_date, end_date) VALUES ('202520', 'Spring/Summer 2025', '2025-04-28', '2025-08-08');
INSERT INTO terms (term_code, name, start_date, end_date) VALUES ('202530', 'Fall 2025', '2025-09-02', '2025-12-12');

-- sets
INSERT INTO sets (set_code, campus) VALUES ('A', 'Burnaby');
INSERT INTO sets (set_code, campus) VALUES ('B', 'Burnaby');
INSERT INTO sets (set_code, campus) VALUES ('C', 'Burnaby');
INSERT INTO sets (set_code, campus) VALUES ('D', 'Burnaby');
INSERT INTO sets (set_code, campus) VALUES ('E', 'Downtown');
INSERT INTO sets (set_code, campus) VALUES ('F', 'Downtown');

-- students
INSERT INTO students (student_id, set_code, first_name, last_name, email) VALUES ('A001', 'A', 'Ava', 'Nguyen', 'ava.nguyen@my.bcit.ca');
INSERT INTO students (student_id, set_code, first_name, last_name, email) VALUES ('A002', 'A', 'Noah', 'Kim', 'noah.kim@my.bcit.ca');
INSERT INTO students (student_id, set_code, first_name, last_name, email) VALUES ('A003', 'A', 'Oliver', 'Singh', 'oliver.singh@my.bcit.ca');
INSERT INTO students (student_id, set_code, first_name, last_name, email) VALUES ('B001', 'B', 'Maya', 'Fischer', 'maya.fischer@my.bcit.ca');
INSERT INTO students (student_id, set_code, first_name, last_name, email) VALUES ('B002', 'B', 'Leo', 'Park', 'leo.park@my.bcit.ca');
INSERT INTO students (student_id, set_code, first_name, last_name, email) VALUES ('B003', 'B', 'Zoé', 'Martin', 'zoe.martin@my.bcit.ca');
INSERT INTO students (student_id, set_code, first_name, last_name, email) VALUES ('C001', 'C', 'Sofia', 'Chen', 'sofia.chen@my.bcit.ca');
INSERT INTO students (student_id, set_code, first_name, last_name, email) VALUES ('C002', 'C', 'Arjun', 'Patel', 'arjun.patel@my.bcit.ca');
INSERT INTO students (student_id, set_code, first_name, last_name, email) VALUES ('C003', 'C', 'Liam', 'O’Reilly', 'liam.oreilly@my.bcit.ca');
INSERT INTO students (student_id, set_code, first_name, last_name, email) VALUES ('D001', 'D', 'Layla', 'Haddad', 'layla.haddad@my.bcit.ca');
INSERT INTO students (student_id, set_code, first_name, last_name, email) VALUES ('D002', 'D', 'Ethan', 'Wong', 'ethan.wong@my.bcit.ca');
INSERT INTO students (student_id, set_code, first_name, last_name, email) VALUES ('D003', 'D', 'Nora', 'Iverson', 'nora.iverson@my.bcit.ca');
INSERT INTO students (student_id, set_code, first_name, last_name, email) VALUES ('E001', 'E', 'Diego', 'Alvarez', 'diego.alvarez@my.bcit.ca');
INSERT INTO students (student_id, set_code, first_name, last_name, email) VALUES ('E002', 'E', 'Hana', 'Yamamoto', 'hana.yamamoto@my.bcit.ca');
INSERT INTO students (student_id, set_code, first_name, last_name, email) VALUES ('E003', 'E', 'Farah', 'Rahimi', 'farah.rahimi@my.bcit.ca');
INSERT INTO students (student_id, set_code, first_name, last_name, email) VALUES ('F001', 'F', 'Marco', 'Russo', 'marco.russo@my.bcit.ca');
INSERT INTO students (student_id, set_code, first_name, last_name, email) VALUES ('F002', 'F', 'Amir', 'Kazemi', 'amir.kazemi@my.bcit.ca');
INSERT INTO students (student_id, set_code, first_name, last_name, email) VALUES ('F003', 'F', 'Chloe', 'Dubois', 'chloe.dubois@my.bcit.ca');

-- courses
INSERT INTO courses (course_code, title, credits) VALUES ('COMP2714', 'Relational Database Systems', '3');

-- sections
INSERT INTO sections (section_code, course_code, term_code, set_code, type, day_of_week, start_time, end_time, location) VALUES ('L01', 'COMP2714', '202530', 'A', 'LAB', 'Mon', '09:30', '11:20', 'BBY-SW01-3460');
INSERT INTO sections (section_code, course_code, term_code, set_code, type, day_of_week, start_time, end_time, location) VALUES ('L02', 'COMP2714', '202530', 'B', 'LAB', 'Mon', '13:30', '15:20', 'BBY-SW01-3465');
INSERT INTO sections (section_code, course_code, term_code, set_code, type, day_of_week, start_time, end_time, location) VALUES ('L03', 'COMP2714', '202530', 'C', 'LAB', 'Tue', '18:30', '20:20', 'BBY-SW03-2605');
INSERT INTO sections (section_code, course_code, term_code, set_code, type, day_of_week, start_time, end_time, location) VALUES ('L04', 'COMP2714', '202530', 'D', 'LAB', 'Wed', '09:30', '11:20', 'BBY-SE12-101');
INSERT INTO sections (section_code, course_code, term_code, set_code, type, day_of_week, start_time, end_time, location) VALUES ('L05', 'COMP2714', '202530', 'E', 'LAB', 'Wed', '13:30', '15:20', 'DTC-310');
INSERT INTO sections (section_code, course_code, term_code, set_code, type, day_of_week, start_time, end_time, location) VALUES ('L06', 'COMP2714', '202530', 'F', 'LAB', 'Thu', '18:30', '20:20', 'DTC-318');

-- lab_assignments
INSERT INTO lab_assignments (assignment_id, course_code, term_code, lab_number, title) VALUES ('LAB01', 'COMP2714', '202530', '1', 'Environment Setup & Intro SQL');
INSERT INTO lab_assignments (assignment_id, course_code, term_code, lab_number, title) VALUES ('LAB02', 'COMP2714', '202530', '2', 'Conceptual → Logical Mapping');
INSERT INTO lab_assignments (assignment_id, course_code, term_code, lab_number, title) VALUES ('LAB03', 'COMP2714', '202530', '3', 'Logical ERD & Constraints');
INSERT INTO lab_assignments (assignment_id, course_code, term_code, lab_number, title) VALUES ('LAB04', 'COMP2714', '202530', '4', 'Normalization to 3NF');
INSERT INTO lab_assignments (assignment_id, course_code, term_code, lab_number, title) VALUES ('LAB05', 'COMP2714', '202530', '5', 'DDL Implementation');
INSERT INTO lab_assignments (assignment_id, course_code, term_code, lab_number, title) VALUES ('LAB06', 'COMP2714', '202530', '6', 'DML: INSERT/UPDATE/DELETE');
INSERT INTO lab_assignments (assignment_id, course_code, term_code, lab_number, title) VALUES ('LAB07', 'COMP2714', '202530', '7', 'SELECT & JOIN Practice');
INSERT INTO lab_assignments (assignment_id, course_code, term_code, lab_number, title) VALUES ('LAB08', 'COMP2714', '202530', '8', 'Views & Indexes');

-- lab_events
INSERT INTO lab_events (event_id, section_code, course_code, term_code, lab_number, start_datetime, end_datetime, due_datetime, location) VALUES ('L01-L01', 'L01', 'COMP2714', '202530', '1', '2025-09-08 09:30', '2025-09-08 11:20', '2025-09-14 23:59', 'BBY-SW01-3460');
INSERT INTO lab_events (event_id, section_code, course_code, term_code, lab_number, start_datetime, end_datetime, due_datetime, location) VALUES ('L01-L02', 'L01', 'COMP2714', '202530', '2', '2025-09-15 09:30', '2025-09-15 11:20', '2025-09-21 23:59', 'BBY-SW01-3460');
INSERT INTO lab_events (event_id, section_code, course_code, term_code, lab_number, start_datetime, end_datetime, due_datetime, location) VALUES ('L01-L03', 'L01', 'COMP2714', '202530', '3', '2025-09-22 09:30', '2025-09-22 11:20', '2025-09-28 23:59', 'BBY-SW01-3460');
INSERT INTO lab_events (event_id, section_code, course_code, term_code, lab_number, start_datetime, end_datetime, due_datetime, location) VALUES ('L02-L01', 'L02', 'COMP2714', '202530', '1', '2025-09-08 13:30', '2025-09-08 15:20', '2025-09-14 23:59', 'BBY-SW01-3465');
INSERT INTO lab_events (event_id, section_code, course_code, term_code, lab_number, start_datetime, end_datetime, due_datetime, location) VALUES ('L02-L02', 'L02', 'COMP2714', '202530', '2', '2025-09-15 13:30', '2025-09-15 15:20', '2025-09-21 23:59', 'BBY-SW01-3465');
INSERT INTO lab_events (event_id, section_code, course_code, term_code, lab_number, start_datetime, end_datetime, due_datetime, location) VALUES ('L02-L03', 'L02', 'COMP2714', '202530', '3', '2025-09-22 13:30', '2025-09-22 15:20', '2025-09-28 23:59', 'BBY-SW01-3465');
INSERT INTO lab_events (event_id, section_code, course_code, term_code, lab_number, start_datetime, end_datetime, due_datetime, location) VALUES ('L03-L01', 'L03', 'COMP2714', '202530', '1', '2025-09-09 18:30', '2025-09-09 20:20', '2025-09-14 23:59', 'BBY-SW03-2605');
INSERT INTO lab_events (event_id, section_code, course_code, term_code, lab_number, start_datetime, end_datetime, due_datetime, location) VALUES ('L03-L02', 'L03', 'COMP2714', '202530', '2', '2025-09-16 18:30', '2025-09-16 20:20', '2025-09-21 23:59', 'BBY-SW03-2605');
INSERT INTO lab_events (event_id, section_code, course_code, term_code, lab_number, start_datetime, end_datetime, due_datetime, location) VALUES ('L03-L03', 'L03', 'COMP2714', '202530', '3', '2025-09-23 18:30', '2025-09-23 20:20', '2025-09-28 23:59', 'BBY-SW03-2605');
INSERT INTO lab_events (event_id, section_code, course_code, term_code, lab_number, start_datetime, end_datetime, due_datetime, location) VALUES ('L04-L01', 'L04', 'COMP2714', '202530', '1', '2025-09-10 09:30', '2025-09-10 11:20', '2025-09-14 23:59', 'BBY-SE12-101');
INSERT INTO lab_events (event_id, section_code, course_code, term_code, lab_number, start_datetime, end_datetime, due_datetime, location) VALUES ('L04-L02', 'L04', 'COMP2714', '202530', '2', '2025-09-17 09:30', '2025-09-17 11:20', '2025-09-21 23:59', 'BBY-SE12-101');
INSERT INTO lab_events (event_id, section_code, course_code, term_code, lab_number, start_datetime, end_datetime, due_datetime, location) VALUES ('L04-L03', 'L04', 'COMP2714', '202530', '3', '2025-09-24 09:30', '2025-09-24 11:20', '2025-09-28 23:59', 'BBY-SE12-101');
INSERT INTO lab_events (event_id, section_code, course_code, term_code, lab_number, start_datetime, end_datetime, due_datetime, location) VALUES ('L05-L01', 'L05', 'COMP2714', '202530', '1', '2025-09-10 13:30', '2025-09-10 15:20', '2025-09-15 09:00', 'DTC-310');
INSERT INTO lab_events (event_id, section_code, course_code, term_code, lab_number, start_datetime, end_datetime, due_datetime, location) VALUES ('L05-L02', 'L05', 'COMP2714', '202530', '2', '2025-09-17 13:30', '2025-09-17 15:20', '2025-09-22 09:00', 'DTC-310');
INSERT INTO lab_events (event_id, section_code, course_code, term_code, lab_number, start_datetime, end_datetime, due_datetime, location) VALUES ('L05-L03', 'L05', 'COMP2714', '202530', '3', '2025-09-24 13:30', '2025-09-24 15:20', '2025-09-29 09:00', 'DTC-310');
INSERT INTO lab_events (event_id, section_code, course_code, term_code, lab_number, start_datetime, end_datetime, due_datetime, location) VALUES ('L06-L01', 'L06', 'COMP2714', '202530', '1', '2025-09-11 18:30', '2025-09-11 20:20', '2025-09-15 09:00', 'DTC-318');
INSERT INTO lab_events (event_id, section_code, course_code, term_code, lab_number, start_datetime, end_datetime, due_datetime, location) VALUES ('L06-L02', 'L06', 'COMP2714', '202530', '2', '2025-09-18 18:30', '2025-09-18 20:20', '2025-09-22 09:00', 'DTC-318');
INSERT INTO lab_events (event_id, section_code, course_code, term_code, lab_number, start_datetime, end_datetime, due_datetime, location) VALUES ('L06-L03', 'L06', 'COMP2714', '202530', '3', '2025-09-25 18:30', '2025-09-25 20:20', '2025-09-29 09:00', 'DTC-318');

-- progress
INSERT INTO progress (progress_id, student_id, event_id, lab_number, status, prepared, attendance, inlab_submitted_at, inlab_submission_link, polished_submitted_at, polished_submission_link, instructor_assessment, self_assessment, late) VALUES ('A001-L01-L01', 'A001', 'L01-L01', '1', 'Submitted', 'True', 'Present', '2025-09-08 10:45', 'https://submit.bcit.ca/comp2714/inlab/A001-L01-L01.pdf', '2025-09-09 12:45', 'https://submit.bcit.ca/comp2714/polished/A001-L01-L01.pdf', '8.5', '8.2', 'False');
INSERT INTO progress (progress_id, student_id, event_id, lab_number, status, prepared, attendance, inlab_submitted_at, inlab_submission_link, polished_submitted_at, polished_submission_link, instructor_assessment, self_assessment, late) VALUES ('A001-L01-L02', 'A001', 'L01-L02', '2', 'Submitted', 'True', 'Present', '2025-09-15 10:35', 'https://submit.bcit.ca/comp2714/inlab/A001-L01-L02.pdf', '2025-09-17 11:35', 'https://submit.bcit.ca/comp2714/polished/A001-L01-L02.pdf', '7.0', '6.7', 'False');
INSERT INTO progress (progress_id, student_id, event_id, lab_number, status, prepared, attendance, inlab_submitted_at, inlab_submission_link, polished_submitted_at, polished_submission_link, instructor_assessment, self_assessment, late) VALUES ('A002-L01-L01', 'A002', 'L01-L01', '1', 'Submitted', 'True', 'Present', '2025-09-08 10:45', 'https://submit.bcit.ca/comp2714/inlab/A002-L01-L01.pdf', '2025-09-09 12:45', 'https://submit.bcit.ca/comp2714/polished/A002-L01-L01.pdf', '8.5', '8.2', 'False');
INSERT INTO progress (progress_id, student_id, event_id, lab_number, status, prepared, attendance, inlab_submitted_at, inlab_submission_link, polished_submitted_at, polished_submission_link, instructor_assessment, self_assessment, late) VALUES ('A002-L01-L02', 'A002', 'L01-L02', '2', 'In Progress', 'True', 'Present', '2025-09-15 10:40', 'https://submit.bcit.ca/comp2714/inlab/A002-L01-L02.pdf', NULL, NULL, NULL, NULL, 'False');
INSERT INTO progress (progress_id, student_id, event_id, lab_number, status, prepared, attendance, inlab_submitted_at, inlab_submission_link, polished_submitted_at, polished_submission_link, instructor_assessment, self_assessment, late) VALUES ('A003-L01-L01', 'A003', 'L01-L01', '1', 'Submitted', 'True', 'Present', '2025-09-08 10:45', 'https://submit.bcit.ca/comp2714/inlab/A003-L01-L01.pdf', '2025-09-09 12:45', 'https://submit.bcit.ca/comp2714/polished/A003-L01-L01.pdf', '8.5', '8.2', 'False');
INSERT INTO progress (progress_id, student_id, event_id, lab_number, status, prepared, attendance, inlab_submitted_at, inlab_submission_link, polished_submitted_at, polished_submission_link, instructor_assessment, self_assessment, late) VALUES ('A003-L01-L02', 'A003', 'L01-L02', '2', 'Submitted', 'False', 'Present', '2025-09-15 10:35', 'https://submit.bcit.ca/comp2714/inlab/A003-L01-L02.pdf', '2025-09-17 11:35', 'https://submit.bcit.ca/comp2714/polished/A003-L01-L02.pdf', '7.0', '6.7', 'False');
INSERT INTO progress (progress_id, student_id, event_id, lab_number, status, prepared, attendance, inlab_submitted_at, inlab_submission_link, polished_submitted_at, polished_submission_link, instructor_assessment, self_assessment, late) VALUES ('B001-L02-L01', 'B001', 'L02-L01', '1', 'Submitted', 'True', 'Present', '2025-09-08 14:45', 'https://submit.bcit.ca/comp2714/inlab/B001-L02-L01.pdf', '2025-09-09 16:45', 'https://submit.bcit.ca/comp2714/polished/B001-L02-L01.pdf', '8.5', '8.2', 'False');
INSERT INTO progress (progress_id, student_id, event_id, lab_number, status, prepared, attendance, inlab_submitted_at, inlab_submission_link, polished_submitted_at, polished_submission_link, instructor_assessment, self_assessment, late) VALUES ('B001-L02-L02', 'B001', 'L02-L02', '2', 'Submitted', 'True', 'Present', '2025-09-15 14:35', 'https://submit.bcit.ca/comp2714/inlab/B001-L02-L02.pdf', '2025-09-17 15:35', 'https://submit.bcit.ca/comp2714/polished/B001-L02-L02.pdf', '7.0', '6.7', 'False');
INSERT INTO progress (progress_id, student_id, event_id, lab_number, status, prepared, attendance, inlab_submitted_at, inlab_submission_link, polished_submitted_at, polished_submission_link, instructor_assessment, self_assessment, late) VALUES ('B002-L02-L01', 'B002', 'L02-L01', '1', 'Submitted', 'True', 'Present', '2025-09-08 14:45', 'https://submit.bcit.ca/comp2714/inlab/B002-L02-L01.pdf', '2025-09-09 16:45', 'https://submit.bcit.ca/comp2714/polished/B002-L02-L01.pdf', '8.5', '8.2', 'False');
INSERT INTO progress (progress_id, student_id, event_id, lab_number, status, prepared, attendance, inlab_submitted_at, inlab_submission_link, polished_submitted_at, polished_submission_link, instructor_assessment, self_assessment, late) VALUES ('B002-L02-L02', 'B002', 'L02-L02', '2', 'In Progress', 'True', 'Present', '2025-09-15 14:40', 'https://submit.bcit.ca/comp2714/inlab/B002-L02-L02.pdf', NULL, NULL, NULL, NULL, 'False');
INSERT INTO progress (progress_id, student_id, event_id, lab_number, status, prepared, attendance, inlab_submitted_at, inlab_submission_link, polished_submitted_at, polished_submission_link, instructor_assessment, self_assessment, late) VALUES ('B003-L02-L01', 'B003', 'L02-L01', '1', 'Submitted', 'True', 'Present', '2025-09-08 14:45', 'https://submit.bcit.ca/comp2714/inlab/B003-L02-L01.pdf', '2025-09-09 16:45', 'https://submit.bcit.ca/comp2714/polished/B003-L02-L01.pdf', '8.5', '8.2', 'False');
INSERT INTO progress (progress_id, student_id, event_id, lab_number, status, prepared, attendance, inlab_submitted_at, inlab_submission_link, polished_submitted_at, polished_submission_link, instructor_assessment, self_assessment, late) VALUES ('B003-L02-L02', 'B003', 'L02-L02', '2', 'Submitted', 'False', 'Present', '2025-09-15 14:35', 'https://submit.bcit.ca/comp2714/inlab/B003-L02-L02.pdf', '2025-09-17 15:35', 'https://submit.bcit.ca/comp2714/polished/B003-L02-L02.pdf', '7.0', '6.7', 'False');
INSERT INTO progress (progress_id, student_id, event_id, lab_number, status, prepared, attendance, inlab_submitted_at, inlab_submission_link, polished_submitted_at, polished_submission_link, instructor_assessment, self_assessment, late) VALUES ('C001-L03-L01', 'C001', 'L03-L01', '1', 'Submitted', 'True', 'Present', '2025-09-09 19:45', 'https://submit.bcit.ca/comp2714/inlab/C001-L03-L01.pdf', '2025-09-10 21:45', 'https://submit.bcit.ca/comp2714/polished/C001-L03-L01.pdf', '8.5', '8.2', 'False');
INSERT INTO progress (progress_id, student_id, event_id, lab_number, status, prepared, attendance, inlab_submitted_at, inlab_submission_link, polished_submitted_at, polished_submission_link, instructor_assessment, self_assessment, late) VALUES ('C001-L03-L02', 'C001', 'L03-L02', '2', 'Submitted', 'True', 'Present', '2025-09-16 19:35', 'https://submit.bcit.ca/comp2714/inlab/C001-L03-L02.pdf', '2025-09-18 20:35', 'https://submit.bcit.ca/comp2714/polished/C001-L03-L02.pdf', '7.0', '6.7', 'False');
INSERT INTO progress (progress_id, student_id, event_id, lab_number, status, prepared, attendance, inlab_submitted_at, inlab_submission_link, polished_submitted_at, polished_submission_link, instructor_assessment, self_assessment, late) VALUES ('C002-L03-L01', 'C002', 'L03-L01', '1', 'Submitted', 'True', 'Present', '2025-09-09 19:45', 'https://submit.bcit.ca/comp2714/inlab/C002-L03-L01.pdf', '2025-09-10 21:45', 'https://submit.bcit.ca/comp2714/polished/C002-L03-L01.pdf', '8.5', '8.2', 'False');
INSERT INTO progress (progress_id, student_id, event_id, lab_number, status, prepared, attendance, inlab_submitted_at, inlab_submission_link, polished_submitted_at, polished_submission_link, instructor_assessment, self_assessment, late) VALUES ('C002-L03-L02', 'C002', 'L03-L02', '2', 'In Progress', 'True', 'Present', '2025-09-16 19:40', 'https://submit.bcit.ca/comp2714/inlab/C002-L03-L02.pdf', NULL, NULL, NULL, NULL, 'False');
INSERT INTO progress (progress_id, student_id, event_id, lab_number, status, prepared, attendance, inlab_submitted_at, inlab_submission_link, polished_submitted_at, polished_submission_link, instructor_assessment, self_assessment, late) VALUES ('C003-L03-L01', 'C003', 'L03-L01', '1', 'Submitted', 'True', 'Present', '2025-09-09 19:45', 'https://submit.bcit.ca/comp2714/inlab/C003-L03-L01.pdf', '2025-09-10 21:45', 'https://submit.bcit.ca/comp2714/polished/C003-L03-L01.pdf', '8.5', '8.2', 'False');
INSERT INTO progress (progress_id, student_id, event_id, lab_number, status, prepared, attendance, inlab_submitted_at, inlab_submission_link, polished_submitted_at, polished_submission_link, instructor_assessment, self_assessment, late) VALUES ('C003-L03-L02', 'C003', 'L03-L02', '2', 'Submitted', 'False', 'Present', '2025-09-16 19:35', 'https://submit.bcit.ca/comp2714/inlab/C003-L03-L02.pdf', '2025-09-18 20:35', 'https://submit.bcit.ca/comp2714/polished/C003-L03-L02.pdf', '7.0', '6.7', 'False');
INSERT INTO progress (progress_id, student_id, event_id, lab_number, status, prepared, attendance, inlab_submitted_at, inlab_submission_link, polished_submitted_at, polished_submission_link, instructor_assessment, self_assessment, late) VALUES ('D001-L04-L01', 'D001', 'L04-L01', '1', 'Submitted', 'True', 'Present', '2025-09-10 10:45', 'https://submit.bcit.ca/comp2714/inlab/D001-L04-L01.pdf', '2025-09-11 12:45', 'https://submit.bcit.ca/comp2714/polished/D001-L04-L01.pdf', '8.5', '8.2', 'False');
INSERT INTO progress (progress_id, student_id, event_id, lab_number, status, prepared, attendance, inlab_submitted_at, inlab_submission_link, polished_submitted_at, polished_submission_link, instructor_assessment, self_assessment, late) VALUES ('D001-L04-L02', 'D001', 'L04-L02', '2', 'Submitted', 'True', 'Present', '2025-09-17 10:35', 'https://submit.bcit.ca/comp2714/inlab/D001-L04-L02.pdf', '2025-09-19 11:35', 'https://submit.bcit.ca/comp2714/polished/D001-L04-L02.pdf', '7.0', '6.7', 'False');
INSERT INTO progress (progress_id, student_id, event_id, lab_number, status, prepared, attendance, inlab_submitted_at, inlab_submission_link, polished_submitted_at, polished_submission_link, instructor_assessment, self_assessment, late) VALUES ('D002-L04-L01', 'D002', 'L04-L01', '1', 'Submitted', 'True', 'Present', '2025-09-10 10:45', 'https://submit.bcit.ca/comp2714/inlab/D002-L04-L01.pdf', '2025-09-11 12:45', 'https://submit.bcit.ca/comp2714/polished/D002-L04-L01.pdf', '8.5', '8.2', 'False');
INSERT INTO progress (progress_id, student_id, event_id, lab_number, status, prepared, attendance, inlab_submitted_at, inlab_submission_link, polished_submitted_at, polished_submission_link, instructor_assessment, self_assessment, late) VALUES ('D002-L04-L02', 'D002', 'L04-L02', '2', 'In Progress', 'True', 'Present', '2025-09-17 10:40', 'https://submit.bcit.ca/comp2714/inlab/D002-L04-L02.pdf', NULL, NULL, NULL, NULL, 'False');
INSERT INTO progress (progress_id, student_id, event_id, lab_number, status, prepared, attendance, inlab_submitted_at, inlab_submission_link, polished_submitted_at, polished_submission_link, instructor_assessment, self_assessment, late) VALUES ('D003-L04-L01', 'D003', 'L04-L01', '1', 'Submitted', 'True', 'Present', '2025-09-10 10:45', 'https://submit.bcit.ca/comp2714/inlab/D003-L04-L01.pdf', '2025-09-11 12:45', 'https://submit.bcit.ca/comp2714/polished/D003-L04-L01.pdf', '8.5', '8.2', 'False');
INSERT INTO progress (progress_id, student_id, event_id, lab_number, status, prepared, attendance, inlab_submitted_at, inlab_submission_link, polished_submitted_at, polished_submission_link, instructor_assessment, self_assessment, late) VALUES ('D003-L04-L02', 'D003', 'L04-L02', '2', 'Submitted', 'False', 'Present', '2025-09-17 10:35', 'https://submit.bcit.ca/comp2714/inlab/D003-L04-L02.pdf', '2025-09-19 11:35', 'https://submit.bcit.ca/comp2714/polished/D003-L04-L02.pdf', '7.0', '6.7', 'False');
INSERT INTO progress (progress_id, student_id, event_id, lab_number, status, prepared, attendance, inlab_submitted_at, inlab_submission_link, polished_submitted_at, polished_submission_link, instructor_assessment, self_assessment, late) VALUES ('E001-L05-L01', 'E001', 'L05-L01', '1', 'Submitted', 'True', 'Present', '2025-09-10 14:45', 'https://submit.bcit.ca/comp2714/inlab/E001-L05-L01.pdf', '2025-09-11 16:45', 'https://submit.bcit.ca/comp2714/polished/E001-L05-L01.pdf', '8.5', '8.2', 'False');
INSERT INTO progress (progress_id, student_id, event_id, lab_number, status, prepared, attendance, inlab_submitted_at, inlab_submission_link, polished_submitted_at, polished_submission_link, instructor_assessment, self_assessment, late) VALUES ('E001-L05-L02', 'E001', 'L05-L02', '2', 'Submitted', 'True', 'Present', '2025-09-17 14:35', 'https://submit.bcit.ca/comp2714/inlab/E001-L05-L02.pdf', '2025-09-19 15:35', 'https://submit.bcit.ca/comp2714/polished/E001-L05-L02.pdf', '7.0', '6.7', 'False');
INSERT INTO progress (progress_id, student_id, event_id, lab_number, status, prepared, attendance, inlab_submitted_at, inlab_submission_link, polished_submitted_at, polished_submission_link, instructor_assessment, self_assessment, late) VALUES ('E002-L05-L01', 'E002', 'L05-L01', '1', 'Submitted', 'True', 'Present', '2025-09-10 14:45', 'https://submit.bcit.ca/comp2714/inlab/E002-L05-L01.pdf', '2025-09-11 16:45', 'https://submit.bcit.ca/comp2714/polished/E002-L05-L01.pdf', '8.5', '8.2', 'False');
INSERT INTO progress (progress_id, student_id, event_id, lab_number, status, prepared, attendance, inlab_submitted_at, inlab_submission_link, polished_submitted_at, polished_submission_link, instructor_assessment, self_assessment, late) VALUES ('E002-L05-L02', 'E002', 'L05-L02', '2', 'In Progress', 'True', 'Present', '2025-09-17 14:40', 'https://submit.bcit.ca/comp2714/inlab/E002-L05-L02.pdf', NULL, NULL, NULL, NULL, 'False');
INSERT INTO progress (progress_id, student_id, event_id, lab_number, status, prepared, attendance, inlab_submitted_at, inlab_submission_link, polished_submitted_at, polished_submission_link, instructor_assessment, self_assessment, late) VALUES ('E003-L05-L01', 'E003', 'L05-L01', '1', 'Submitted', 'True', 'Present', '2025-09-10 14:45', 'https://submit.bcit.ca/comp2714/inlab/E003-L05-L01.pdf', '2025-09-11 16:45', 'https://submit.bcit.ca/comp2714/polished/E003-L05-L01.pdf', '8.5', '8.2', 'False');
INSERT INTO progress (progress_id, student_id, event_id, lab_number, status, prepared, attendance, inlab_submitted_at, inlab_submission_link, polished_submitted_at, polished_submission_link, instructor_assessment, self_assessment, late) VALUES ('E003-L05-L02', 'E003', 'L05-L02', '2', 'Submitted', 'False', 'Present', '2025-09-17 14:35', 'https://submit.bcit.ca/comp2714/inlab/E003-L05-L02.pdf', '2025-09-19 15:35', 'https://submit.bcit.ca/comp2714/polished/E003-L05-L02.pdf', '7.0', '6.7', 'False');
INSERT INTO progress (progress_id, student_id, event_id, lab_number, status, prepared, attendance, inlab_submitted_at, inlab_submission_link, polished_submitted_at, polished_submission_link, instructor_assessment, self_assessment, late) VALUES ('F001-L06-L01', 'F001', 'L06-L01', '1', 'Submitted', 'True', 'Present', '2025-09-11 19:45', 'https://submit.bcit.ca/comp2714/inlab/F001-L06-L01.pdf', '2025-09-12 21:45', 'https://submit.bcit.ca/comp2714/polished/F001-L06-L01.pdf', '8.5', '8.2', 'False');
INSERT INTO progress (progress_id, student_id, event_id, lab_number, status, prepared, attendance, inlab_submitted_at, inlab_submission_link, polished_submitted_at, polished_submission_link, instructor_assessment, self_assessment, late) VALUES ('F001-L06-L02', 'F001', 'L06-L02', '2', 'Submitted', 'True', 'Present', '2025-09-18 19:35', 'https://submit.bcit.ca/comp2714/inlab/F001-L06-L02.pdf', '2025-09-20 20:35', 'https://submit.bcit.ca/comp2714/polished/F001-L06-L02.pdf', '7.0', '6.7', 'False');
INSERT INTO progress (progress_id, student_id, event_id, lab_number, status, prepared, attendance, inlab_submitted_at, inlab_submission_link, polished_submitted_at, polished_submission_link, instructor_assessment, self_assessment, late) VALUES ('F002-L06-L01', 'F002', 'L06-L01', '1', 'Submitted', 'True', 'Present', '2025-09-11 19:45', 'https://submit.bcit.ca/comp2714/inlab/F002-L06-L01.pdf', '2025-09-12 21:45', 'https://submit.bcit.ca/comp2714/polished/F002-L06-L01.pdf', '8.5', '8.2', 'False');
INSERT INTO progress (progress_id, student_id, event_id, lab_number, status, prepared, attendance, inlab_submitted_at, inlab_submission_link, polished_submitted_at, polished_submission_link, instructor_assessment, self_assessment, late) VALUES ('F002-L06-L02', 'F002', 'L06-L02', '2', 'In Progress', 'True', 'Present', '2025-09-18 19:40', 'https://submit.bcit.ca/comp2714/inlab/F002-L06-L02.pdf', NULL, NULL, NULL, NULL, 'False');
INSERT INTO progress (progress_id, student_id, event_id, lab_number, status, prepared, attendance, inlab_submitted_at, inlab_submission_link, polished_submitted_at, polished_submission_link, instructor_assessment, self_assessment, late) VALUES ('F003-L06-L01', 'F003', 'L06-L01', '1', 'Submitted', 'True', 'Present', '2025-09-11 19:45', 'https://submit.bcit.ca/comp2714/inlab/F003-L06-L01.pdf', '2025-09-12 21:45', 'https://submit.bcit.ca/comp2714/polished/F003-L06-L01.pdf', '8.5', '8.2', 'False');
INSERT INTO progress (progress_id, student_id, event_id, lab_number, status, prepared, attendance, inlab_submitted_at, inlab_submission_link, polished_submitted_at, polished_submission_link, instructor_assessment, self_assessment, late) VALUES ('F003-L06-L02', 'F003', 'L06-L02', '2', 'Submitted', 'False', 'Present', '2025-09-18 19:35', 'https://submit.bcit.ca/comp2714/inlab/F003-L06-L02.pdf', '2025-09-20 20:35', 'https://submit.bcit.ca/comp2714/polished/F003-L06-L02.pdf', '7.0', '6.7', 'False');

-- progress_change_log
INSERT INTO progress_change_log (change_id, progress_id, changed_by, changed_at, field, old_value, new_value, reason) VALUES ('chg1', 'A001-L01-L01', 'u_instructor', '2025-09-09 12:10', 'instructor_assessment', '8.0', '8.5', 'Regraded after resubmission');
INSERT INTO progress_change_log (change_id, progress_id, changed_by, changed_at, field, old_value, new_value, reason) VALUES ('chg2', 'A003-L01-L02', 'u_ta1', '2025-09-16 20:45', 'status', 'In Progress', 'Submitted', 'Student submitted during lab; TA marked as submitted');
INSERT INTO progress_change_log (change_id, progress_id, changed_by, changed_at, field, old_value, new_value, reason) VALUES ('chg3', 'B003-L02-L01', 'u_system', '2025-09-23 23:59', 'late', 'False', 'True', 'Auto-flagged after set-specific due time');

